	-100bp	Average	+100bp
spread_oas		120.0	
dirty_price	108.64995424123222	107.31025028310066	105.93249177175733
clear_price	106.22392684397195	104.8842228858404	103.50646437449704
irr_name	7.89941346381	8.97494119775	9.98161779477
durmac	1.61876966785	1.73365806674	1.87608674161
durmod	1.49639252073	1.58563752104	1.69546741287
eff_dur		1.26617096797	
convex		-3.54621791594	
cpr_name	37.339166068468494	33.339334647218216	28.551393705383752
